[
    {
        "name": "City-Crossing",
        "chest_unopened_img": "images/items/items/berry.png",
        "chest_opened_img": "images/items/items/berry2.png",
        "visibility_rules": 
        [""],
        "access_rules": 
        [""],
        "children": [
            {
                "name": "Strawberry 7",
                "map_locations": 
                [
                    {
                        "map": "city_crossing",
                        "x": 40,
                        "y": 735
                    }
                ],
                "sections": 
                [
                    {
                        "name": "Strawberry",
                        "clear_as_group": true,
                        "item_count": 1
                    }
                ]
            },
            {
                "name": "Strawberry 8",
                "map_locations": 
                [
                    {
                        "map": "city_crossing",
                        "x": 919,
                        "y": 983
                    }
                ],
                "sections": 
                [
                    {
                        "name": "Strawberry",
                        "clear_as_group": true,
                        "item_count": 1
                    }
                ]
            },
            {
                "name": "Strawberry 9",
                "map_locations": 
                [
                    {
                        "map": "city_crossing",
                        "x": 535,
                        "y": 520
                    }
                ],
                "sections": 
                [
                    {
                        "name": "Strawberry",
                        "clear_as_group": true,
                        "item_count": 1
                    }
                ]
            },
            {
                "name": "Strawberry 10",
                "map_locations": 
                [
                    {
                        "map": "city_crossing",
                        "x": 1416,
                        "y": 600
                    }
                ],
                "sections": 
                [
                    {
                        "name": "Strawberry",
                        "clear_as_group": true,
                        "item_count": 1
                    }
                ]
            },
            {
                "name": "Strawberry 11",
                "map_locations": 
                [
                    {
                        "map": "city_crossing",
                        "x": 1896,
                        "y": 271
                    }
                ],
                "sections": 
                [
                    {
                        "name": "Strawberry",
                        "clear_as_group": true,
                        "item_count": 1
                    }
                ]
            },
            {
                "name": "Strawberry 12",
                "map_locations": 
                [
                    {
                        "map": "city_crossing",
                        "x": 2535,
                        "y": 512
                    }
                ],
                "sections": 
                [
                    {
                        "name": "Strawberry",
                        "clear_as_group": true,
                        "item_count": 1
                    }
                ]
            },
            {
                "name": "Strawberry 13",
                "map_locations": 
                [
                    {
                        "map": "city_crossing",
                        "x": 2144,
                        "y": 191
                    }
                ],
                "sections": 
                [
                    {
                        "name": "Strawberry",
                        "clear_as_group": true,
                        "item_count": 1
                    }
                ]
            },
            {
                "name": "Strawberry 14",
                "map_locations": 
                [
                    {
                        "map": "city_crossing",
                        "x": 2552,
                        "y": 207
                    }
                ],
                "sections": 
                [
                    {
                        "name": "Strawberry",
                        "clear_as_group": true,
                        "item_count": 1
                    }
                ]
            },
            {
                "name": "Strawberry 15",
                "map_locations": 
                [
                    {
                        "map": "city_crossing",
                        "x": 2831,
                        "y": 104
                    }
                ],
                "sections": 
                [
                    {
                        "name": "Strawberry",
                        "clear_as_group": true,
                        "item_count": 1
                    }
                ]
            },
            {
                "name": "Crystal Heart",
                "chest_unopened_img": "images/items/items/blue_heart.png",
                "chest_opened_img": "images/items/items/blue_heart2.png",
                "map_locations": 
                [
                    {
                        "map": "city_crossing",
                        "x": 511,
                        "y": 570
                    }
                ],
                "sections": 
                [
                    {
                        "name": "Crystal Heart",
                        "clear_as_group": true,
                        "item_count": 1
                    }
                ]
            }          
        ]
    }
]