[
    {
        "name": "City-Chasm",
        "chest_unopened_img": "images/items/items/berry.png",
        "chest_opened_img": "images/items/items/berry2.png",
        "visibility_rules": 
        [""],
        "access_rules": 
        [""],
        "children": [
            {
                "name": "Strawberry 16",
                "map_locations": 
                [
                    {
                        "map": "city_chasm",
                        "x": 23,
                        "y": 976
                    }
                ],
                "sections": 
                [
                    {
                        "name": "Strawberry",
                        "clear_as_group": true,
                        "item_count": 1
                    }
                ]
            },
            {
                "name": "Strawberry 17",
                "map_locations": 
                [
                    {
                        "map": "city_chasm",
                        "x": 655,
                        "y": 743
                    }
                ],
                "sections": 
                [
                    {
                        "name": "Strawberry",
                        "clear_as_group": true,
                        "item_count": 1
                    }
                ]
            },
            {
                "name": "Strawberry 18",
                "map_locations": 
                [
                    {
                        "map": "city_chasm",
                        "x": 896,
                        "y": 1095
                    }
                ],
                "sections": 
                [
                    {
                        "name": "Strawberry",
                        "clear_as_group": true,
                        "item_count": 1
                    }
                ]
            },
            {
                "name": "Strawberry 19",
                "map_locations": 
                [
                    {
                        "map": "city_chasm",
                        "x": 1119,
                        "y": 1064
                    }
                ],
                "sections": 
                [
                    {
                        "name": "Strawberry",
                        "clear_as_group": true,
                        "item_count": 1
                    }
                ]
            },
            {
                "name": "Strawberry 20",
                "map_locations": 
                [
                    {
                        "map": "city_chasm",
                        "x": 192,
                        "y": 303
                    }
                ],
                "sections": 
                [
                    {
                        "name": "Strawberry",
                        "clear_as_group": true,
                        "item_count": 1
                    }
                ]
            },
            {
                "name": "Cassette",
                "chest_unopened_img": "images/items/items/cassette.png",
                "chest_opened_img": "images/items/items/cassette2.png",
                "map_locations": 
                [
                    {
                        "map": "city_chasm",
                        "x": 304,
                        "y": 599
                    }
                ],
                "sections": 
                [
                    {
                        "name": "Cassette",
                        "clear_as_group": true,
                        "item_count": 1
                    }
                ]
            },
            {
                "name": "Level Complete",
                "chest_unopened_img": "images/items/items/complete.png",
                "chest_opened_img": "images/items/items/complete2.png",
                "map_locations": 
                [
                    {
                        "map": "city_chasm",
                        "x": 1041,
                        "y": 105
                    }
                ],
                "sections": 
                [
                    {
                        "name": "Level Complete",
                        "clear_as_group": true,
                        "item_count": 1
                    }
                ]
            }         
        ]
    }
]