[
    {
        "name": "Summit-1500 M",
        "chest_unopened_img": "images/items/items/berry.png",
        "chest_opened_img": "images/items/items/berry2.png",
        "access_rules": 
        ["$A7, $SUMMIT", "$A7, summit, $GOAL"],
        "children": [
            {
                "name": "Strawberry 17",
                "map_locations": 
                [
                    {
                        "map": "summit_1500_m",
                        "x": 279,
                        "y": 1072
                    }
                ],
                "sections": 
                [
                    {
                        "name": "Strawberry",
                        "clear_as_group": true,
                        "item_count": 1
                    }
                ]
            },
            {
                "name": "Strawberry 18",
                "map_locations": 
                [
                    {
                        "map": "summit_1500_m",
                        "x": 791,
                        "y": 1152
                    }
                ],
                "sections": 
                [
                    {
                        "name": "Strawberry",
                        "clear_as_group": true,
                        "item_count": 1
                    }
                ]
            },
            {
                "name": "Strawberry 19",
                "map_locations": 
                [
                    {
                        "map": "summit_1500_m",
                        "x": 1027,
                        "y": 1288
                    }
                ],
                "sections": 
                [
                    {
                        "name": "Strawberry",
                        "clear_as_group": true,
                        "item_count": 1
                    }
                ]
            },
            {
                "name": "Strawberry 20",
                "map_locations": 
                [
                    {
                        "map": "summit_1500_m",
                        "x": 1783,
                        "y": 1000
                    }
                ],
                "sections": 
                [
                    {
                        "name": "Strawberry",
                        "clear_as_group": true,
                        "item_count": 1
                    }
                ]
            },
            {
                "name": "Strawberry 21",
                "map_locations": 
                [
                    {
                        "map": "summit_1500_m",
                        "x": 2567,
                        "y": 920
                    }
                ],
                "sections": 
                [
                    {
                        "name": "Strawberry",
                        "clear_as_group": true,
                        "item_count": 1
                    }
                ]
            },
            {
                "name": "Strawberry 22",
                "map_locations": 
                [
                    {
                        "map": "summit_1500_m",
                        "x": 3247,
                        "y": 791
                    }
                ],
                "sections": 
                [
                    {
                        "name": "Strawberry",
                        "clear_as_group": true,
                        "item_count": 1
                    }
                ]
            },
            {
                "name": "Strawberry 23",
                "map_locations": 
                [
                    {
                        "map": "summit_1500_m",
                        "x": 4191,
                        "y": 991
                    }
                ],
                "sections": 
                [
                    {
                        "name": "Strawberry",
                        "clear_as_group": true,
                        "item_count": 1
                    }
                ]
            },
            {
                "name": "Strawberry 24",
                "map_locations": 
                [
                    {
                        "map": "summit_1500_m",
                        "x": 4615,
                        "y": 815
                    }
                ],
                "sections": 
                [
                    {
                        "name": "Strawberry",
                        "clear_as_group": true,
                        "item_count": 1
                    }
                ]
            },
            {
                "name": "Cassette",
                "chest_unopened_img": "images/items/items/cassette.png",
                "chest_opened_img": "images/items/items/cassette2.png",
                "map_locations": 
                [
                    {
                        "map": "summit_1500_m",
                        "x": 2471,
                        "y": 712
                    }
                ],
                "sections": 
                [
                    {
                        "name": "Cassette",
                        "clear_as_group": true,
                        "item_count": 1
                    }
                ]
            }        
        ]
    }
]