[
    {
        "name": "Summit-500 M",
        "chest_unopened_img": "images/items/items/berry.png",
        "chest_opened_img": "images/items/items/berry2.png",
        "access_rules": 
        ["$A7, $SUMMIT", "$A7, summit, $GOAL"],
        "children": [
            {
                "name": "Strawberry 5",
                "map_locations": 
                [
                    {
                        "map": "summit_500_m",
                        "x": 767,
                        "y": 2080
                    }
                ],
                "sections": 
                [
                    {
                        "name": "Strawberry",
                        "clear_as_group": true,
                        "item_count": 1
                    }
                ]
            },
            {
                "name": "Strawberry 6",
                "map_locations": 
                [
                    {
                        "map": "summit_500_m",
                        "x": 592,
                        "y": 1479
                    }
                ],
                "sections": 
                [
                    {
                        "name": "Strawberry",
                        "clear_as_group": true,
                        "item_count": 1
                    }
                ]
            },
            {
                "name": "Strawberry 7",
                "map_locations": 
                [
                    {
                        "map": "summit_500_m",
                        "x": 31,
                        "y": 1503
                    }
                ],
                "sections": 
                [
                    {
                        "name": "Strawberry",
                        "clear_as_group": true,
                        "item_count": 1
                    }
                ]
            },
            {
                "name": "Strawberry 8",
                "map_locations": 
                [
                    {
                        "map": "summit_500_m",
                        "x": 1472,
                        "y": 1832
                    }
                ],
                "sections": 
                [
                    {
                        "name": "Strawberry",
                        "clear_as_group": true,
                        "item_count": 1
                    }
                ]
            },
            {
                "name": "Strawberry 9",
                "map_locations": 
                [
                    {
                        "map": "summit_500_m",
                        "x": 2563,
                        "y": 1127
                    }
                ],
                "sections": 
                [
                    {
                        "name": "Strawberry",
                        "clear_as_group": true,
                        "item_count": 1
                    }
                ]
            } ,
            {
                "name": "Strawberry 10",
                "map_locations": 
                [
                    {
                        "map": "summit_500_m",
                        "x": 3192,
                        "y": 631
                    }
                ],
                "sections": 
                [
                    {
                        "name": "Strawberry",
                        "clear_as_group": true,
                        "item_count": 1
                    }
                ]
            }          
        ]
    }
]