[
    {
        "name": "Summit-3000 M",
        "chest_unopened_img": "images/items/items/berry.png",
        "chest_opened_img": "images/items/items/berry2.png",
        "access_rules": 
        ["$A7, $SUMMIT", "$A7, summit, $GOAL"],
        "children": [
            {
                "name": "Strawberry 41",
                "map_locations": 
                [
                    {
                        "map": "summit_3000_m_1",
                        "x": 567,
                        "y": 3185
                    }
                ],
                "sections": 
                [
                    {
                        "name": "Strawberry",
                        "clear_as_group": true,
                        "item_count": 1
                    }
                ]
            },
            {
                "name": "Strawberry 42",
                "map_locations": 
                [
                    {
                        "map": "summit_3000_m_1",
                        "x": 583,
                        "y": 2720
                    }
                ],
                "sections": 
                [
                    {
                        "name": "Strawberry",
                        "clear_as_group": true,
                        "item_count": 1
                    }
                ]
            },
            {
                "name": "Strawberry 43",
                "map_locations": 
                [
                    {
                        "map": "summit_3000_m_1",
                        "x": 663,
                        "y": 1993
                    }
                ],
                "sections": 
                [
                    {
                        "name": "Strawberry",
                        "clear_as_group": true,
                        "item_count": 1
                    }
                ]
            },
            {
                "name": "Strawberry 44",
                "map_locations": 
                [
                    {
                        "map": "summit_3000_m_1",
                        "x": 71,
                        "y": 81
                    }
                ],
                "sections": 
                [
                    {
                        "name": "Strawberry",
                        "clear_as_group": true,
                        "item_count": 1
                    }
                ]
            },
            {
                "name": "Strawberry 45",
                "map_locations": 
                [
                    {
                        "map": "summit_3000_m_2",
                        "x": 1120,
                        "y": 6888
                    }
                ],
                "sections": 
                [
                    {
                        "name": "Strawberry",
                        "clear_as_group": true,
                        "item_count": 1
                    }
                ]
            },
            {
                "name": "Strawberry 46",
                "map_locations": 
                [
                    {
                        "map": "summit_3000_m_2",
                        "x": 823,
                        "y": 6720
                    }
                ],
                "sections": 
                [
                    {
                        "name": "Strawberry",
                        "clear_as_group": true,
                        "item_count": 1
                    }
                ]
            },
            {
                "name": "Strawberry 47",
                "map_locations": 
                [
                    {
                        "map": "summit_3000_m_3",
                        "x": 1575,
                        "y": 2687
                    }
                ],
                "sections": 
                [
                    {
                        "name": "Strawberry",
                        "clear_as_group": true,
                        "item_count": 1
                    }
                ]
            },
            {
                "name": "Crystal Heart",
                "map_locations": 
                [
                    {
                        "map": "summit_3000_m_1",
                        "x": 720,
                        "y": 3583
                    }
                ],
                "sections": 
                [
                    {
                        "name": "Crystal Heart",
                        "clear_as_group": true,
                        "item_count": 1
                    }
                ]
            },
            {
                "name": "Level Complete",
                "map_locations": 
                [
                    {
                        "map": "summit_3000_m_2",
                        "x": 2727,
                        "y": 320
                    }
                ],
                "sections": 
                [
                    {
                        "name": "Level Complete",
                        "clear_as_group": true,
                        "item_count": 1
                    }
                ]
            }       
        ]
    }
]