[
    {
        "name": "Summit",
        "chest_unopened_img": "images/items/items/berry.png",
        "chest_opened_img": "images/items/items/berry2.png",
        "children": [
            {
                "name": "Summit A-Side - Start",
                "map_locations": 
                [
                    {
                        "map": "celeste_chapter_select",
                        "x": 851,
                        "y": 140
                    }
                ],
                "access_rules": 
                ["$A7, $SUMMIT", "$A7, summit, $GOAL"],
                "sections": 
                [
                    {
                        "name": "Strawberry 1",
                        "clear_as_group": true,
                        "item_count": 1
                    },
                    {
                        "name": "Strawberry 2",
                        "clear_as_group": true,
                        "item_count": 1
                    },
                    {
                        "name": "Strawberry 3",
                        "clear_as_group": true,
                        "item_count": 1
                    },
                    {
                        "name": "Strawberry 4",
                        "clear_as_group": true,
                        "item_count": 1
                    }
                ]
            },
            {
                "name": "Summit A-Side - 500 M",
                "map_locations": 
                [
                    {
                        "map": "celeste_chapter_select",
                        "x": 885,
                        "y": 140
                    }
                ],
                "access_rules": 
                ["$A7, $SUMMIT", "$A7, summit, $GOAL"],
                "sections": 
                [
                    {
                        "name": "Strawberry 5",
                        "clear_as_group": true,
                        "item_count": 1
                    },
                    {
                        "name": "Strawberry 6",
                        "clear_as_group": true,
                        "item_count": 1
                    },
                    {
                        "name": "Strawberry 7",
                        "clear_as_group": true,
                        "item_count": 1
                    },
                    {
                        "name": "Strawberry 8",
                        "clear_as_group": true,
                        "item_count": 1
                    },
                    {
                        "name": "Strawberry 9",
                        "clear_as_group": true,
                        "item_count": 1
                    },
                    {
                        "name": "Strawberry 10",
                        "clear_as_group": true,
                        "item_count": 1
                    }
                ]
            },
            {
                "name": "Summit A-Side - 1000 M",
                "map_locations": 
                [
                    {
                        "map": "celeste_chapter_select",
                        "x": 851,
                        "y": 173
                    }
                ],
                "access_rules": 
                ["$A7, $SUMMIT", "$A7, summit, $GOAL"],
                "sections": 
                [
                    {
                        "name": "Strawberry 11",
                        "clear_as_group": true,
                        "item_count": 1
                    },
                    {
                        "name": "Strawberry 12",
                        "clear_as_group": true,
                        "item_count": 1
                    },
                    {
                        "name": "Strawberry 13",
                        "clear_as_group": true,
                        "item_count": 1
                    },
                    {
                        "name": "Strawberry 14",
                        "clear_as_group": true,
                        "item_count": 1
                    },
                    {
                        "name": "Strawberry 15",
                        "clear_as_group": true,
                        "item_count": 1
                    },
                    {
                        "name": "Strawberry 16",
                        "clear_as_group": true,
                        "item_count": 1
                    }
                ]
            },
            {
                "name": "Summit A-Side - 1500 M",
                "map_locations": 
                [
                    {
                        "map": "celeste_chapter_select",
                        "x": 885,
                        "y": 173
                    }
                ],
                "access_rules": 
                ["$A7, $SUMMIT", "$A7, summit, $GOAL"],
                "sections": 
                [
                    {
                        "name": "Strawberry 17",
                        "clear_as_group": true,
                        "item_count": 1
                    },
                    {
                        "name": "Strawberry 18",
                        "clear_as_group": true,
                        "item_count": 1
                    },
                    {
                        "name": "Strawberry 19",
                        "clear_as_group": true,
                        "item_count": 1
                    },
                    {
                        "name": "Strawberry 20",
                        "clear_as_group": true,
                        "item_count": 1
                    },
                    {
                        "name": "Strawberry 21",
                        "clear_as_group": true,
                        "item_count": 1
                    },
                    {
                        "name": "Strawberry 22",
                        "clear_as_group": true,
                        "item_count": 1
                    },
                    {
                        "name": "Strawberry 23",
                        "clear_as_group": true,
                        "item_count": 1
                    },
                    {
                        "name": "Strawberry 24",
                        "clear_as_group": true,
                        "item_count": 1
                    },
                    {
                        "name": "Cassette",
                        "chest_unopened_img": "images/items/items/cassette.png",
                        "chest_opened_img": "images/items/items/cassette2.png",
                        "clear_as_group": true,
                        "item_count": 1
                    }
                ]
            },
            {
                "name": "Summit A-Side - 2000 M",
                "map_locations": 
                [
                    {
                        "map": "celeste_chapter_select",
                        "x": 851,
                        "y": 206
                    }
                ],
                "access_rules": 
                ["$A7, $SUMMIT", "$A7, summit, $GOAL"],
                "sections": 
                [
                    {
                        "name": "Strawberry 25",
                        "clear_as_group": true,
                        "item_count": 1
                    },
                    {
                        "name": "Strawberry 26",
                        "clear_as_group": true,
                        "item_count": 1
                    },
                    {
                        "name": "Strawberry 27",
                        "clear_as_group": true,
                        "item_count": 1
                    },
                    {
                        "name": "Strawberry 28",
                        "clear_as_group": true,
                        "item_count": 1
                    },
                    {
                        "name": "Strawberry 29",
                        "clear_as_group": true,
                        "item_count": 1
                    },
                    {
                        "name": "Strawberry 30",
                        "clear_as_group": true,
                        "item_count": 1
                    },
                    {
                        "name": "Strawberry 31",
                        "clear_as_group": true,
                        "item_count": 1
                    },
                    {
                        "name": "Strawberry 32",
                        "clear_as_group": true,
                        "item_count": 1
                    }
                ]
            },
            {
                "name": "Summit A-Side - 2500 M",
                "map_locations": 
                [
                    {
                        "map": "celeste_chapter_select",
                        "x": 885,
                        "y": 206
                    }
                ],
                "access_rules": 
                ["$A7, $SUMMIT", "$A7, summit, $GOAL"],
                "sections": 
                [
                    {
                        "name": "Strawberry 33",
                        "clear_as_group": true,
                        "item_count": 1
                    },
                    {
                        "name": "Strawberry 34",
                        "clear_as_group": true,
                        "item_count": 1
                    },
                    {
                        "name": "Strawberry 35",
                        "clear_as_group": true,
                        "item_count": 1
                    },
                    {
                        "name": "Strawberry 36",
                        "clear_as_group": true,
                        "item_count": 1
                    },
                    {
                        "name": "Strawberry 37",
                        "clear_as_group": true,
                        "item_count": 1
                    },
                    {
                        "name": "Strawberry 38",
                        "clear_as_group": true,
                        "item_count": 1
                    },
                    {
                        "name": "Strawberry 39",
                        "clear_as_group": true,
                        "item_count": 1
                    },
                    {
                        "name": "Strawberry 40",
                        "clear_as_group": true,
                        "item_count": 1
                    }
                ]
            },
            {
                "name": "Summit A-Side - 3000 M",
                "map_locations": 
                [
                    {
                        "map": "celeste_chapter_select",
                        "x": 868,
                        "y": 239
                    }
                ],
                "visibility_rules": 
                [
                ],
                "access_rules": 
                ["$A7, $SUMMIT", "$A7, summit, $GOAL"],
                "sections": 
                [
                    {
                        "name": "Strawberry 41",
                        "clear_as_group": true,
                        "item_count": 1
                    },
                    {
                        "name": "Strawberry 42",
                        "clear_as_group": true,
                        "item_count": 1
                    },
                    {
                        "name": "Strawberry 43",
                        "clear_as_group": true,
                        "item_count": 1
                    },
                    {
                        "name": "Strawberry 44",
                        "clear_as_group": true,
                        "item_count": 1
                    },
                    {
                        "name": "Strawberry 45",
                        "clear_as_group": true,
                        "item_count": 1
                    },
                    {
                        "name": "Strawberry 46",
                        "clear_as_group": true,
                        "item_count": 1
                    },
                    {
                        "name": "Strawberry 47",
                        "clear_as_group": true,
                        "item_count": 1
                    },
                    {
                        "name": "Crystal Heart",
                        "chest_unopened_img": "images/items/items/blue_heart.png",
                        "chest_opened_img": "images/items/items/blue_heart2.png",
                        "clear_as_group": true,
                        "item_count": 1
                    },
                    {
                        "name": "Level Complete",
                        "chest_unopened_img": "images/items/items/complete.png",
                        "chest_opened_img": "images/items/items/complete2.png",
                        "clear_as_group": true,
                        "item_count": 1
                    }
                ]
            },
            {
                "name": "Summit B-Side",
                "map_locations": 
                [
                    {
                        "map": "celeste_chapter_select",
                        "x": 868,
                        "y": 279
                    }
                ],
                "visibility_rules": 
                [
                ],
                "access_rules": 
                ["cassette7"],
                "sections": 
                [
                    {
                        "name": "Crystal Heart",
                        "chest_unopened_img": "images/items/items/red_heart.png",
                        "chest_opened_img": "images/items/items/red_heart2.png",
                        "clear_as_group": true,
                        "item_count": 1
                    },
                    {
                        "name": "Level Complete",
                        "chest_unopened_img": "images/items/items/complete.png",
                        "chest_opened_img": "images/items/items/complete2.png",
                        "clear_as_group": true,
                        "item_count": 1
                    }
                ]
            },
            {
                "name": "Summit C-Side",
                "map_locations": 
                [
                    {
                        "map": "celeste_chapter_select",
                        "x": 868,
                        "y": 319
                    }
                ],
                "access_rules": 
                ["$C7"],
                "sections": 
                [
                    {
                        "name": "Crystal Heart",
                        "chest_unopened_img": "images/items/items/yellow_heart.png",
                        "chest_opened_img": "images/items/items/yellow_heart2.png",
                        "clear_as_group": true,
                        "item_count": 1
                    },
                    {
                        "name": "Level Complete",
                        "chest_unopened_img": "images/items/items/complete.png",
                        "chest_opened_img": "images/items/items/complete2.png",
                        "clear_as_group": true,
                        "item_count": 1
                    }
                ]
            }             
        ]
    }
]