[
    {
        "name": "Core",
        "chest_unopened_img": "images/items/items/berry.png",
        "chest_opened_img": "images/items/items/berry2.png",
        "children": [
            {
                "name": "Core A-Side - Into the Core",
                "map_locations": 
                [
                    {
                        "map": "celeste_chapter_select",
                        "x": 1024,
                        "y": 173
                    }
                ],
                "access_rules": 
                ["compa8, $CORE, $HEART|hearttotal|4", "compa8, core, $HEART|hearttotal|4, $GOAL"],
                "sections": 
                [
                    {
                        "name": "Strawberry 1",
                        "clear_as_group": true,
                        "item_count": 1
                    }
                ]
            },
            {
                "name": "Core A-Side - Hot and Cold",
                "map_locations": 
                [
                    {
                        "map": "celeste_chapter_select",
                        "x": 1058,
                        "y": 173
                    }
                ],
                "access_rules": 
                ["compa8, $CORE, $HEART|hearttotal|4", "compa8, core, $HEART|hearttotal|4, $GOAL"],
                "sections": 
                [
                    {
                        "name": "Strawberry 2",
                        "clear_as_group": true,
                        "item_count": 1
                    },
                    {
                        "name": "Strawberry 3",
                        "clear_as_group": true,
                        "item_count": 1
                    },
                    {
                        "name": "Strawberry 4",
                        "clear_as_group": true,
                        "item_count": 1
                    }
                ]
            },
            {
                "name": "Core A-Side - Heart of the Mountain",
                "map_locations": 
                [
                    {
                        "map": "celeste_chapter_select",
                        "x": 1041,
                        "y": 206
                    }
                ],
                "access_rules": 
                ["compa8, $CORE, $HEART|hearttotal|4", "compa8, core, $HEART|hearttotal|4, $GOAL"],
                "sections": 
                [
                    {
                        "name": "Strawberry 5",
                        "clear_as_group": true,
                        "item_count": 1
                    },
                    {
                        "name": "Crystal Heart",
                        "chest_unopened_img": "images/items/items/blue_heart.png",
                        "chest_opened_img": "images/items/items/blue_heart2.png",
                        "clear_as_group": true,
                        "item_count": 1
                    },
                    {
                        "name": "Cassette",
                        "chest_unopened_img": "images/items/items/cassette.png",
                        "chest_opened_img": "images/items/items/cassette2.png",
                        "clear_as_group": true,
                        "item_count": 1
                    },
                    {
                        "name": "Level Complete",
                        "chest_unopened_img": "images/items/items/complete.png",
                        "chest_opened_img": "images/items/items/complete2.png",
                        "clear_as_group": true,
                        "item_count": 1
                    }
                ]
            },
            {
                "name": "Core B-Side",
                "map_locations": 
                [
                    {
                        "map": "celeste_chapter_select",
                        "x": 1041,
                        "y": 279
                    }
                ],
                "access_rules": 
                ["cassette9, $HEART|hearttotal|15"],
                "sections": 
                [
                    {
                        "name": "Crystal Heart",
                        "chest_unopened_img": "images/items/items/red_heart.png",
                        "chest_opened_img": "images/items/items/red_heart2.png",
                        "clear_as_group": true,
                        "item_count": 1
                    },
                    {
                        "name": "Level Complete",
                        "chest_unopened_img": "images/items/items/complete.png",
                        "chest_opened_img": "images/items/items/complete2.png",
                        "clear_as_group": true,
                        "item_count": 1
                    }
                ]
            },
            {
                "name": "Core C-Side",
                "map_locations": 
                [
                    {
                        "map": "celeste_chapter_select",
                        "x": 1041,
                        "y": 319
                    }
                ],
                "access_rules": 
                ["$C9, $HEART|hearttotal|23"],
                "sections": 
                [
                    {
                        "name": "Crystal Heart",
                        "chest_unopened_img": "images/items/items/yellow_heart.png",
                        "chest_opened_img": "images/items/items/yellow_heart2.png",
                        "clear_as_group": true,
                        "item_count": 1
                    },
                    {
                        "name": "Level Complete",
                        "chest_unopened_img": "images/items/items/complete.png",
                        "chest_opened_img": "images/items/items/complete2.png",
                        "clear_as_group": true,
                        "item_count": 1
                    }
                ]
            }             
        ]
    }
]