[
    {
        "name": "Core-Hot and Cold",
        "chest_unopened_img": "images/items/items/berry.png",
        "chest_opened_img": "images/items/items/berry2.png",
        "access_rules": 
        ["compa8, $CORE, $HEART|hearttotal|4", "compa8, core, $HEART|hearttotal|4, $GOAL"],
        "children": [
            {
                "name": "Strawberry 2",
                "map_locations": 
                [
                    {
                        "map": "core_hot_and_cold",
                        "x": 1167,
                        "y": 48
                    }
                ],
                "sections": 
                [
                    {
                        "name": "Strawberry",
                        "clear_as_group": true,
                        "item_count": 1
                    }
                ]
            },
            {
                "name": "Strawberry 3",
                "map_locations": 
                [
                    {
                        "map": "core_hot_and_cold",
                        "x": 2368,
                        "y": 208
                    }
                ],
                "sections": 
                [
                    {
                        "name": "Strawberry",
                        "clear_as_group": true,
                        "item_count": 1
                    }
                ]
            },
            {
                "name": "Strawberry 4",
                "map_locations": 
                [
                    {
                        "map": "core_hot_and_cold",
                        "x": 3271,
                        "y": 104
                    }
                ],
                "sections": 
                [
                    {
                        "name": "Strawberry",
                        "clear_as_group": true,
                        "item_count": 1
                    }
                ]
            }         
        ]
    }
]