[
    {
        "name": "Core-Heart of the Mountain",
        "chest_unopened_img": "images/items/items/berry.png",
        "chest_opened_img": "images/items/items/berry2.png",
        "access_rules": 
        ["compa8, $CORE, $HEART|hearttotal|4", "compa8, core, $HEART|hearttotal|4, $GOAL"],
        "children": [
            {
                "name": "Strawberry 5",
                "map_locations": 
                [
                    {
                        "map": "core_heart_of_the_mountain",
                        "x": 272,
                        "y": 1552
                    }
                ],
                "sections": 
                [
                    {
                        "name": "Strawberry",
                        "clear_as_group": true,
                        "item_count": 1
                    }
                ]
            },
            {
                "name": "Crystal Heart",
                "chest_unopened_img": "images/items/items/blue_heart.png",
                "chest_opened_img": "images/items/items/blue_heart2.png",
                "map_locations": 
                [
                    {
                        "map": "core_heart_of_the_mountain_2",
                        "x": 9217,
                        "y": 159
                    }
                ],
                "sections": 
                [
                    {
                        "name": "Crystal Heart",
                        "clear_as_group": true,
                        "item_count": 1
                    }
                ]
            },
            {
                "name": "Cassette",
                "chest_unopened_img": "images/items/items/cassette.png",
                "chest_opened_img": "images/items/items/cassette2.png",
                "map_locations": 
                [
                    {
                        "map": "core_heart_of_the_mountain_2",
                        "x": 6661,
                        "y": 111
                    }
                ],
                "sections": 
                [
                    {
                        "name": "Cassette",
                        "clear_as_group": true,
                        "item_count": 1
                    }
                ]
            },
            {
                "name": "Level Complete",
                "chest_unopened_img": "images/items/items/complete.png",
                "chest_opened_img": "images/items/items/complete2.png",
                "map_locations": 
                [
                    {
                        "map": "core_heart_of_the_mountain_2",
                        "x": 9017,
                        "y": 159
                    }
                ],
                "sections": 
                [
                    {
                        "name": "Level Complete",
                        "clear_as_group": true,
                        "item_count": 1
                    }
                ]
            }         
        ]
    }
]