[
    {
        "name": "Farewell",
        "children": [
            {
                "name": "Farewell",
                "map_locations": 
                [
                    {
                        "map": "celeste_chapter_select",
                        "x": 1129,
                        "y": 173
                    }
                ],
                "access_rules": 
                ["$A10, $FAREWELL, $HEART|hearttotal|15", "$A10, farewell, $GOAL"],
                "sections": 
                [
                    {
                        "name": "Level Complete",
                        "chest_unopened_img": "images/items/items/complete.png",
                        "chest_opened_img": "images/items/items/complete2.png",
                        "clear_as_group": true,
                        "item_count": 1
                    }
                ]
            }             
        ]
    }
]