[
    {
        "name": "Ridge-Start",
        "chest_unopened_img": "images/items/items/berry.png",
        "chest_opened_img": "images/items/items/berry2.png",
        "access_rules": 
        ["$A4"],
        "children": [
            {
                "name": "Strawberry 1",
                "map_locations": 
                [
                    {
                        "map": "ridge_start",
                        "x": 1096,
                        "y": 600
                    }
                ],
                "sections": 
                [
                    {
                        "name": "Strawberry",
                        "clear_as_group": true,
                        "item_count": 1
                    }
                ]
            },
            {
                "name": "Strawberry 2",
                "map_locations": 
                [
                    {
                        "map": "ridge_start",
                        "x": 2071,
                        "y": 751
                    }
                ],
                "sections": 
                [
                    {
                        "name": "Strawberry",
                        "clear_as_group": true,
                        "item_count": 1
                    }
                ]
            },
            {
                "name": "Strawberry 3",
                "map_locations": 
                [
                    {
                        "map": "ridge_start",
                        "x": 2591,
                        "y": 632
                    }
                ],
                "sections": 
                [
                    {
                        "name": "Strawberry",
                        "clear_as_group": true,
                        "item_count": 1
                    }
                ]
            },
            {
                "name": "Strawberry 4",
                "map_locations": 
                [
                    {
                        "map": "ridge_start",
                        "x": 3287,
                        "y": 672
                    }
                ],
                "sections": 
                [
                    {
                        "name": "Strawberry",
                        "clear_as_group": true,
                        "item_count": 1
                    }
                ]
            },
            {
                "name": "Strawberry 5",
                "map_locations": 
                [
                    {
                        "map": "ridge_start",
                        "x": 3863,
                        "y": 608
                    }
                ],
                "sections": 
                [
                    {
                        "name": "Strawberry",
                        "clear_as_group": true,
                        "item_count": 1
                    }
                ]
            },
            {
                "name": "Strawberry 6",
                "map_locations": 
                [
                    {
                        "map": "ridge_start",
                        "x": 4255,
                        "y": 472
                    }
                ],
                "sections": 
                [
                    {
                        "name": "Strawberry",
                        "clear_as_group": true,
                        "item_count": 1
                    }
                ]
            },
            {
                "name": "Strawberry 7",
                "map_locations": 
                [
                    {
                        "map": "ridge_start",
                        "x": 4247,
                        "y": 255
                    }
                ],
                "sections": 
                [
                    {
                        "name": "Strawberry",
                        "clear_as_group": true,
                        "item_count": 1
                    }
                ]
            },
            {
                "name": "Strawberry 8",
                "map_locations": 
                [
                    {
                        "map": "ridge_start",
                        "x": 4624,
                        "y": 112
                    }
                ],
                "sections": 
                [
                    {
                        "name": "Strawberry",
                        "clear_as_group": true,
                        "item_count": 1
                    }
                ]
            },
            {
                "name": "Cassette",
                "chest_unopened_img": "images/items/items/cassette.png",
                "chest_opened_img": "images/items/items/cassette2.png",
                "map_locations": 
                [
                    {
                        "map": "ridge_start",
                        "x": 3319,
                        "y": 264
                    }
                ],
                "sections": 
                [
                    {
                        "name": "Cassette",
                        "clear_as_group": true,
                        "item_count": 1
                    }
                ]
            }          
        ]
    }
]