[
    {
        "name": "Ridge-Shrine",
        "chest_unopened_img": "images/items/items/berry.png",
        "chest_opened_img": "images/items/items/berry2.png",
        "access_rules": 
        ["$A4"],
        "children": [
            {
                "name": "Strawberry 9",
                "map_locations": 
                [
                    {
                        "map": "ridge_shrine",
                        "x": 1383,
                        "y": 1031
                    }
                ],
                "sections": 
                [
                    {
                        "name": "Strawberry",
                        "clear_as_group": true,
                        "item_count": 1
                    }
                ]
            },
            {
                "name": "Strawberry 10",
                "map_locations": 
                [
                    {
                        "map": "ridge_shrine",
                        "x": 1455,
                        "y": 1056
                    }
                ],
                "sections": 
                [
                    {
                        "name": "Strawberry",
                        "clear_as_group": true,
                        "item_count": 1
                    }
                ]
            },
            {
                "name": "Strawberry 11",
                "map_locations": 
                [
                    {
                        "map": "ridge_shrine",
                        "x": 1376,
                        "y": 863
                    }
                ],
                "sections": 
                [
                    {
                        "name": "Strawberry",
                        "clear_as_group": true,
                        "item_count": 1
                    }
                ]
            },
            {
                "name": "Strawberry 12",
                "map_locations": 
                [
                    {
                        "map": "ridge_shrine",
                        "x": 559,
                        "y": 944
                    }
                ],
                "sections": 
                [
                    {
                        "name": "Strawberry",
                        "clear_as_group": true,
                        "item_count": 1
                    }
                ]
            },
            {
                "name": "Strawberry 13",
                "map_locations": 
                [
                    {
                        "map": "ridge_shrine",
                        "x": 327,
                        "y": 952
                    }
                ],
                "sections": 
                [
                    {
                        "name": "Strawberry",
                        "clear_as_group": true,
                        "item_count": 1
                    }
                ]
            },
            {
                "name": "Strawberry 14",
                "map_locations": 
                [
                    {
                        "map": "ridge_shrine",
                        "x": 512,
                        "y": 687
                    }
                ],
                "sections": 
                [
                    {
                        "name": "Strawberry",
                        "clear_as_group": true,
                        "item_count": 1
                    }
                ]
            },
            {
                "name": "Strawberry 15",
                "map_locations": 
                [
                    {
                        "map": "ridge_shrine",
                        "x": 1319,
                        "y": 696
                    }
                ],
                "sections": 
                [
                    {
                        "name": "Strawberry",
                        "clear_as_group": true,
                        "item_count": 1
                    }
                ]
            },
            {
                "name": "Strawberry 16",
                "map_locations": 
                [
                    {
                        "map": "ridge_shrine",
                        "x": 1808,
                        "y": 607
                    }
                ],
                "sections": 
                [
                    {
                        "name": "Strawberry",
                        "clear_as_group": true,
                        "item_count": 1
                    }
                ]
            },
            {
                "name": "Strawberry 17",
                "map_locations": 
                [
                    {
                        "map": "ridge_shrine",
                        "x": 1904,
                        "y": 47
                    }
                ],
                "sections": 
                [
                    {
                        "name": "Strawberry",
                        "clear_as_group": true,
                        "item_count": 1
                    }
                ]
            },
            {
                "name": "Crystal Heart",
                "chest_unopened_img": "images/items/items/blue_heart.png",
                "chest_opened_img": "images/items/items/blue_heart2.png",
                "map_locations": 
                [
                    {
                        "map": "ridge_shrine",
                        "x": 1575,
                        "y": 430
                    }
                ],
                "sections": 
                [
                    {
                        "name": "Crystal Heart",
                        "clear_as_group": true,
                        "item_count": 1
                    }
                ]
            }          
        ]
    }
]