[
    {
        "name": "Epilogue",
        "children": [
            {
                "name": "Epilogue",
                "map_locations": 
                [
                    {
                        "map": "celeste_chapter_select",
                        "x": 954,
                        "y": 173
                    }
                ],
                "access_rules": 
                ["$A8"],
                "sections": 
                [
                    {
                        "name": "Level Complete",
                        "chest_unopened_img": "images/items/items/complete.png",
                        "chest_opened_img": "images/items/items/complete2.png",
                        "clear_as_group": true,
                        "item_count": 1
                    }
                ]
            }            
        ]
    }
]