[
    {
        "name": "Reflection",
        "children": [
            {
                "name": "Reflection A-Side",
                "map_locations": 
                [
                    {
                        "map": "celeste_chapter_select",
                        "x": 779,
                        "y": 173
                    }
                ],
                "access_rules": 
                ["$A6"],
                "sections": 
                [
                    {
                        "name": "Crystal Heart",
                        "chest_unopened_img": "images/items/items/blue_heart.png",
                        "chest_opened_img": "images/items/items/blue_heart2.png",
                        "clear_as_group": true,
                        "item_count": 1
                    },
                    {
                        "name": "Cassette",
                        "chest_unopened_img": "images/items/items/cassette.png",
                        "chest_opened_img": "images/items/items/cassette2.png",
                        "clear_as_group": true,
                        "item_count": 1
                    },
                    {
                        "name": "Level Complete",
                        "chest_unopened_img": "images/items/items/complete.png",
                        "chest_opened_img": "images/items/items/complete2.png",
                        "clear_as_group": true,
                        "item_count": 1
                    }
                ]
            },
            {
                "name": "Reflection B-Side",
                "map_locations": 
                [
                    {
                        "map": "celeste_chapter_select",
                        "x": 779,
                        "y": 279
                    }
                ],
                "access_rules": 
                ["cassette6"],
                "sections": 
                [
                    {
                        "name": "Crystal Heart",
                        "chest_unopened_img": "images/items/items/red_heart.png",
                        "chest_opened_img": "images/items/items/red_heart2.png",
                        "clear_as_group": true,
                        "item_count": 1
                    },
                    {
                        "name": "Level Complete",
                        "chest_unopened_img": "images/items/items/complete.png",
                        "chest_opened_img": "images/items/items/complete2.png",
                        "clear_as_group": true,
                        "item_count": 1
                    }
                ]
            },
            {
                "name": "Reflection C-Side",
                "map_locations": 
                [
                    {
                        "map": "celeste_chapter_select",
                        "x": 779,
                        "y": 319
                    }
                ],
                "access_rules": 
                ["$C6"],
                "sections": 
                [
                    {
                        "name": "Crystal Heart",
                        "chest_unopened_img": "images/items/items/yellow_heart.png",
                        "chest_opened_img": "images/items/items/yellow_heart2.png",
                        "clear_as_group": true,
                        "item_count": 1
                    },
                    {
                        "name": "Level Complete",
                        "chest_unopened_img": "images/items/items/complete.png",
                        "chest_opened_img": "images/items/items/complete2.png",
                        "clear_as_group": true,
                        "item_count": 1
                    }
                ]
            }             
        ]
    }
]