[
    {
        "name": "Mirror Temple-Start",
        "chest_unopened_img": "images/items/items/berry.png",
        "chest_opened_img": "images/items/items/berry2.png",
        "access_rules": 
        ["$A5"],
        "children": [
            {
                "name": "Strawberry 1",
                "map_locations": 
                [
                    {
                        "map": "mirror_temple_start",
                        "x": 166,
                        "y": 1104
                    }
                ],
                "sections": 
                [
                    {
                        "name": "Strawberry",
                        "clear_as_group": true,
                        "item_count": 1
                    }
                ]
            },
            {
                "name": "Strawberry 2",
                "map_locations": 
                [
                    {
                        "map": "mirror_temple_start",
                        "x": 2294,
                        "y": 895
                    }
                ],
                "sections": 
                [
                    {
                        "name": "Strawberry",
                        "clear_as_group": true,
                        "item_count": 1
                    }
                ]
            },
            {
                "name": "Strawberry 3",
                "map_locations": 
                [
                    {
                        "map": "mirror_temple_start",
                        "x": 2110,
                        "y": 592
                    }
                ],
                "sections": 
                [
                    {
                        "name": "Strawberry",
                        "clear_as_group": true,
                        "item_count": 1
                    }
                ]
            },
            {
                "name": "Strawberry 4",
                "map_locations": 
                [
                    {
                        "map": "mirror_temple_start",
                        "x": 1870,
                        "y": 1295
                    }
                ],
                "sections": 
                [
                    {
                        "name": "Strawberry",
                        "clear_as_group": true,
                        "item_count": 1
                    }
                ]
            },
            {
                "name": "Strawberry 5",
                "map_locations": 
                [
                    {
                        "map": "mirror_temple_start",
                        "x": 2310,
                        "y": 1199
                    }
                ],
                "sections": 
                [
                    {
                        "name": "Strawberry",
                        "clear_as_group": true,
                        "item_count": 1
                    }
                ]
            },
            {
                "name": "Strawberry 6",
                "map_locations": 
                [
                    {
                        "map": "mirror_temple_start",
                        "x": 2766,
                        "y": 1255
                    }
                ],
                "sections": 
                [
                    {
                        "name": "Strawberry",
                        "clear_as_group": true,
                        "item_count": 1
                    }
                ]
            },
            {
                "name": "Strawberry 7",
                "map_locations": 
                [
                    {
                        "map": "mirror_temple_start",
                        "x": 2310,
                        "y": 1424
                    }
                ],
                "sections": 
                [
                    {
                        "name": "Strawberry",
                        "clear_as_group": true,
                        "item_count": 1
                    }
                ]
            },
            {
                "name": "Strawberry 8",
                "map_locations": 
                [
                    {
                        "map": "mirror_temple_start",
                        "x": 1798,
                        "y": 1531
                    }
                ],
                "sections": 
                [
                    {
                        "name": "Strawberry",
                        "clear_as_group": true,
                        "item_count": 1
                    }
                ]
            },
            {
                "name": "Strawberry 9",
                "map_locations": 
                [
                    {
                        "map": "mirror_temple_start",
                        "x": 2756,
                        "y": 1559
                    }
                ],
                "sections": 
                [
                    {
                        "name": "Strawberry",
                        "clear_as_group": true,
                        "item_count": 1
                    }
                ]
            },
            {
                "name": "Strawberry 10",
                "map_locations": 
                [
                    {
                        "map": "mirror_temple_start",
                        "x": 2678,
                        "y": 32
                    }
                ],
                "sections": 
                [
                    {
                        "name": "Strawberry",
                        "clear_as_group": true,
                        "item_count": 1
                    }
                ]
            },
            {
                "name": "Strawberry 11",
                "map_locations": 
                [
                    {
                        "map": "mirror_temple_start",
                        "x": 1447,
                        "y": 344
                    }
                ],
                "sections": 
                [
                    {
                        "name": "Strawberry",
                        "clear_as_group": true,
                        "item_count": 1
                    }
                ]
            },
            {
                "name": "Strawberry 12",
                "map_locations": 
                [
                    {
                        "map": "mirror_temple_start",
                        "x": 3198,
                        "y": 231
                    }
                ],
                "sections": 
                [
                    {
                        "name": "Strawberry",
                        "clear_as_group": true,
                        "item_count": 1
                    }
                ]
            }         
        ]
    }
]