[
    {
        "name": "Mirror Temple-Search",
        "chest_unopened_img": "images/items/items/berry.png",
        "chest_opened_img": "images/items/items/berry2.png",
        "access_rules": 
        ["$A5"],
        "children": [
            {
                "name": "Strawberry 25",
                "map_locations": 
                [
                    {
                        "map": "mirror_temple_search",
                        "x": 711,
                        "y": 583
                    }
                ],
                "sections": 
                [
                    {
                        "name": "Strawberry",
                        "clear_as_group": true,
                        "item_count": 1
                    }
                ]
            },
            {
                "name": "Strawberry 26",
                "map_locations": 
                [
                    {
                        "map": "mirror_temple_search",
                        "x": 687,
                        "y": 399
                    }
                ],
                "sections": 
                [
                    {
                        "name": "Strawberry",
                        "clear_as_group": true,
                        "item_count": 1
                    }
                ]
            },
            {
                "name": "Strawberry 27",
                "map_locations": 
                [
                    {
                        "map": "mirror_temple_search",
                        "x": 2008,
                        "y": 855
                    }
                ],
                "sections": 
                [
                    {
                        "name": "Strawberry",
                        "clear_as_group": true,
                        "item_count": 1
                    }
                ]
            },
            {
                "name": "Strawberry 28",
                "map_locations": 
                [
                    {
                        "map": "mirror_temple_search",
                        "x": 2015,
                        "y": 510
                    }
                ],
                "sections": 
                [
                    {
                        "name": "Strawberry",
                        "clear_as_group": true,
                        "item_count": 1
                    }
                ]
            },
            {
                "name": "Strawberry 29",
                "map_locations": 
                [
                    {
                        "map": "mirror_temple_search",
                        "x": 1671,
                        "y": 535
                    }
                ],
                "sections": 
                [
                    {
                        "name": "Strawberry",
                        "clear_as_group": true,
                        "item_count": 1
                    }
                ]
            },
            {
                "name": "Strawberry 30",
                "map_locations": 
                [
                    {
                        "map": "mirror_temple_search",
                        "x": 183,
                        "y": 623
                    }
                ],
                "sections": 
                [
                    {
                        "name": "Strawberry",
                        "clear_as_group": true,
                        "item_count": 1
                    }
                ]
            },
            {
                "name": "Strawberry 31",
                "map_locations": 
                [
                    {
                        "map": "mirror_temple_search_2",
                        "x": 2136,
                        "y": 148
                    }
                ],
                "sections": 
                [
                    {
                        "name": "Strawberry",
                        "clear_as_group": true,
                        "item_count": 1
                    }
                ]
            },
            {
                "name": "Level Complete",
                "chest_unopened_img": "images/items/items/complete.png",
                "chest_opened_img": "images/items/items/complete2.png",
                "map_locations": 
                [
                    {
                        "map": "mirror_temple_search_2",
                        "x": 6140,
                        "y": 99
                    }
                ],
                "sections": 
                [
                    {
                        "name": "Level Complete",
                        "clear_as_group": true,
                        "item_count": 1
                    }
                ]
            }         
        ]
    }
]