[
    {
        "name": "Mirror Temple-Depths",
        "chest_unopened_img": "images/items/items/berry.png",
        "chest_opened_img": "images/items//itemsberry2.png",
        "access_rules": 
        ["$A5"],
        "children": [
            {
                "name": "Strawberry 13",
                "map_locations": 
                [
                    {
                        "map": "mirror_temple_depths",
                        "x": 279,
                        "y": 1175
                    }
                ],
                "sections": 
                [
                    {
                        "name": "Strawberry",
                        "clear_as_group": true,
                        "item_count": 1
                    }
                ]
            },
            {
                "name": "Strawberry 14",
                "map_locations": 
                [
                    {
                        "map": "mirror_temple_depths",
                        "x": 1055,
                        "y": 1528
                    }
                ],
                "sections": 
                [
                    {
                        "name": "Strawberry",
                        "clear_as_group": true,
                        "item_count": 1
                    }
                ]
            },
            {
                "name": "Strawberry 15",
                "map_locations": 
                [
                    {
                        "map": "mirror_temple_depths",
                        "x": 336,
                        "y": 920
                    }
                ],
                "sections": 
                [
                    {
                        "name": "Strawberry",
                        "clear_as_group": true,
                        "item_count": 1
                    }
                ]
            },
            {
                "name": "Strawberry 16",
                "map_locations": 
                [
                    {
                        "map": "mirror_temple_depths",
                        "x": 1071,
                        "y": 1008
                    }
                ],
                "sections": 
                [
                    {
                        "name": "Strawberry",
                        "clear_as_group": true,
                        "item_count": 1
                    }
                ]
            },
            {
                "name": "Strawberry 17",
                "map_locations": 
                [
                    {
                        "map": "mirror_temple_depths",
                        "x": 807,
                        "y": 1008
                    }
                ],
                "sections": 
                [
                    {
                        "name": "Strawberry",
                        "clear_as_group": true,
                        "item_count": 1
                    }
                ]
            },
            {
                "name": "Strawberry 18",
                "map_locations": 
                [
                    {
                        "map": "mirror_temple_depths",
                        "x": 1384,
                        "y": 784
                    }
                ],
                "sections": 
                [
                    {
                        "name": "Strawberry",
                        "clear_as_group": true,
                        "item_count": 1
                    }
                ]
            },
            {
                "name": "Strawberry 19",
                "map_locations": 
                [
                    {
                        "map": "mirror_temple_depths",
                        "x": 2191,
                        "y": 864
                    }
                ],
                "sections": 
                [
                    {
                        "name": "Strawberry",
                        "clear_as_group": true,
                        "item_count": 1
                    }
                ]
            },
            {
                "name": "Strawberry 20",
                "map_locations": 
                [
                    {
                        "map": "mirror_temple_depths",
                        "x": 1423,
                        "y": 1640
                    }
                ],
                "sections": 
                [
                    {
                        "name": "Strawberry",
                        "clear_as_group": true,
                        "item_count": 1
                    }
                ]
            },
            {
                "name": "Strawberry 21",
                "map_locations": 
                [
                    {
                        "map": "mirror_temple_depths",
                        "x": 2063,
                        "y": 1680
                    }
                ],
                "sections": 
                [
                    {
                        "name": "Strawberry",
                        "clear_as_group": true,
                        "item_count": 1
                    }
                ]
            },
            {
                "name": "Strawberry 22",
                "map_locations": 
                [
                    {
                        "map": "mirror_temple_depths",
                        "x": 2695,
                        "y": 1351
                    }
                ],
                "sections": 
                [
                    {
                        "name": "Strawberry",
                        "clear_as_group": true,
                        "item_count": 1
                    }
                ]
            },
            {
                "name": "Strawberry 23",
                "map_locations": 
                [
                    {
                        "map": "mirror_temple_depths",
                        "x": 2816,
                        "y": 1528
                    }
                ],
                "sections": 
                [
                    {
                        "name": "Strawberry",
                        "clear_as_group": true,
                        "item_count": 1
                    }
                ]
            },
            {
                "name": "Crystal Heart",
                "chest_unopened_img": "images/items/items/blue_heart.png",
                "chest_opened_img": "images/items/items/blue_heart2.png",
                "map_locations": 
                [
                    {
                        "map": "mirror_temple_depths",
                        "x": 5447,
                        "y": 1142
                    }
                ],
                "sections": 
                [
                    {
                        "name": "Crystal Heart",
                        "clear_as_group": true,
                        "item_count": 1
                    }
                ]
            },
            {
                "name": "Cassette",
                "chest_unopened_img": "images/items/items/cassette.png",
                "chest_opened_img": "images/items/items/cassette2.png",
                "map_locations": 
                [
                    {
                        "map": "mirror_temple_depths",
                        "x": 3120,
                        "y": 1440
                    }
                ],
                "sections": 
                [
                    {
                        "name": "Cassette",
                        "clear_as_group": true,
                        "item_count": 1
                    }
                ]
            }         
        ]
    }
]