[
    {
        "name": "Hotel-Huge Mess",
        "chest_unopened_img": "images/items/items/berry.png",
        "chest_opened_img": "images/items/items/berry2.png",
        "access_rules": 
        ["$A3"],
        "children": [
            {
                "name": "Strawberry 12",
                "map_locations": 
                [
                    {
                        "map": "hotel_huge_mess",
                        "x": 1439,
                        "y": 334
                    }
                ],
                "sections": 
                [
                    {
                        "name": "Strawberry",
                        "clear_as_group": true,
                        "item_count": 1
                    }
                ]
            },
            {
                "name": "Strawberry 13",
                "map_locations": 
                [
                    {
                        "map": "hotel_huge_mess",
                        "x": 1247,
                        "y": 119
                    }
                ],
                "sections": 
                [
                    {
                        "name": "Strawberry",
                        "clear_as_group": true,
                        "item_count": 1
                    }
                ]
            },
            {
                "name": "Strawberry 14",
                "map_locations": 
                [
                    {
                        "map": "hotel_huge_mess",
                        "x": 1895,
                        "y": 506
                    }
                ],
                "sections": 
                [
                    {
                        "name": "Strawberry",
                        "clear_as_group": true,
                        "item_count": 1
                    }
                ]
            },
            {
                "name": "Strawberry 15",
                "map_locations": 
                [
                    {
                        "map": "hotel_huge_mess",
                        "x": 1735,
                        "y": 870
                    }
                ],
                "sections": 
                [
                    {
                        "name": "Strawberry",
                        "clear_as_group": true,
                        "item_count": 1
                    }
                ]
            },
            {
                "name": "Strawberry 16",
                "map_locations": 
                [
                    {
                        "map": "hotel_huge_mess",
                        "x": 1551,
                        "y": 959
                    }
                ],
                "sections": 
                [
                    {
                        "name": "Strawberry",
                        "clear_as_group": true,
                        "item_count": 1
                    }
                ]
            },
            {
                "name": "Strawberry 17",
                "map_locations": 
                [
                    {
                        "map": "hotel_huge_mess",
                        "x": 751,
                        "y": 967
                    }
                ],
                "sections": 
                [
                    {
                        "name": "Strawberry",
                        "clear_as_group": true,
                        "item_count": 1
                    }
                ]
            },
            {
                "name": "Strawberry 18",
                "map_locations": 
                [
                    {
                        "map": "hotel_huge_mess",
                        "x": 160,
                        "y": 839
                    }
                ],
                "sections": 
                [
                    {
                        "name": "Strawberry",
                        "clear_as_group": true,
                        "item_count": 1
                    }
                ]
            },
            {
                "name": "Crystal Heart",
                "chest_unopened_img": "images/items/items/blue_heart.png",
                "chest_opened_img": "images/items/items/blue_heart2.png",                
                "map_locations": 
                [
                    {
                        "map": "hotel_huge_mess",
                        "x": 1120,
                        "y": 317
                    }
                ],
                "sections": 
                [
                    {
                        "name": "Crystal Heart",
                        "clear_as_group": true,
                        "item_count": 1
                    }
                ]
            }          
        ]
    }
]