[
    {
        "name": "Hotel-Elevator Shaft",
        "chest_unopened_img": "images/items/items/berry.png",
        "chest_opened_img": "images/items/items/berry2.png",
        "access_rules": 
        ["$A3"],
        "children": [
            {
                "name": "Strawberry 19",
                "map_locations": 
                [
                    {
                        "map": "hotel_elevator_shaft",
                        "x": 1895,
                        "y": 38
                    }
                ],
                "sections": 
                [
                    {
                        "name": "Strawberry",
                        "clear_as_group": true,
                        "item_count": 1
                    }
                ]
            },
            {
                "name": "Strawberry 20",
                "map_locations": 
                [
                    {
                        "map": "hotel_elevator_shaft",
                        "x": 1247,
                        "y": 253
                    }
                ],
                "sections": 
                [
                    {
                        "name": "Strawberry",
                        "clear_as_group": true,
                        "item_count": 1
                    }
                ]
            },
            {
                "name": "Strawberry 21",
                "map_locations": 
                [
                    {
                        "map": "hotel_elevator_shaft",
                        "x": 831,
                        "y": 453
                    }
                ],
                "sections": 
                [
                    {
                        "name": "Strawberry",
                        "clear_as_group": true,
                        "item_count": 1
                    }
                ]
            },
            {
                "name": "Strawberry 22",
                "map_locations": 
                [
                    {
                        "map": "hotel_elevator_shaft",
                        "x": 695,
                        "y": 397
                    }
                ],
                "sections": 
                [
                    {
                        "name": "Strawberry",
                        "clear_as_group": true,
                        "item_count": 1
                    }
                ]
            },
            {
                "name": "Cassette",
                "chest_unopened_img": "images/items/items/cassette.png",
                "chest_opened_img": "images/items/items/cassette2.png",                
                "map_locations": 
                [
                    {
                        "map": "hotel_elevator_shaft",
                        "x": 23,
                        "y": 262
                    }
                ],
                "sections": 
                [
                    {
                        "name": "Cassette",
                        "clear_as_group": true,
                        "item_count": 1
                    }
                ]
            }          
        ]
    }
]