[
    {
        "name": "Hotel-Start",
        "chest_unopened_img": "images/items/items/berry.png",
        "chest_opened_img": "images/items/items/berry2.png",
        "access_rules": 
        ["$A3"],
        "children": [
            {
                "name": "Strawberry 1",
                "map_locations": 
                [
                    {
                        "map": "hotel_start",
                        "x": 1088,
                        "y": 647
                    }
                ],
                "sections": 
                [
                    {
                        "name": "Strawberry",
                        "clear_as_group": true,
                        "item_count": 1
                    }
                ]
            },
            {
                "name": "Strawberry 2",
                "map_locations": 
                [
                    {
                        "map": "hotel_start",
                        "x": 807,
                        "y": 366
                    }
                ],
                "sections": 
                [
                    {
                        "name": "Strawberry",
                        "clear_as_group": true,
                        "item_count": 1
                    }
                ]
            },
            {
                "name": "Strawberry 3",
                "map_locations": 
                [
                    {
                        "map": "hotel_start",
                        "x": 2271,
                        "y": 487
                    }
                ],
                "sections": 
                [
                    {
                        "name": "Strawberry",
                        "clear_as_group": true,
                        "item_count": 1
                    }
                ]
            },
            {
                "name": "Strawberry 4",
                "map_locations": 
                [
                    {
                        "map": "hotel_start",
                        "x": 1983,
                        "y": 255
                    }
                ],
                "sections": 
                [
                    {
                        "name": "Strawberry",
                        "clear_as_group": true,
                        "item_count": 1
                    }
                ]
            },
            {
                "name": "Strawberry 5",
                "map_locations": 
                [
                    {
                        "map": "hotel_start",
                        "x": 1455,
                        "y": 238
                    }
                ],
                "sections": 
                [
                    {
                        "name": "Strawberry",
                        "clear_as_group": true,
                        "item_count": 1
                    }
                ]
            },
            {
                "name": "Strawberry 6",
                "map_locations": 
                [
                    {
                        "map": "hotel_start",
                        "x": 3471,
                        "y": 311
                    }
                ],
                "sections": 
                [
                    {
                        "name": "Strawberry",
                        "clear_as_group": true,
                        "item_count": 1
                    }
                ]
            },
            {
                "name": "Strawberry 7",
                "map_locations": 
                [
                    {
                        "map": "hotel_start",
                        "x": 4087,
                        "y": 447
                    }
                ],
                "sections": 
                [
                    {
                        "name": "Strawberry",
                        "clear_as_group": true,
                        "item_count": 1
                    }
                ]
            },
            {
                "name": "Strawberry 8",
                "map_locations": 
                [
                    {
                        "map": "hotel_start",
                        "x": 3936,
                        "y": 327
                    }
                ],
                "sections": 
                [
                    {
                        "name": "Strawberry",
                        "clear_as_group": true,
                        "item_count": 1
                    }
                ]
            },
            {
                "name": "Strawberry 9",
                "map_locations": 
                [
                    {
                        "map": "hotel_start",
                        "x": 3672,
                        "y": 326
                    }
                ],
                "sections": 
                [
                    {
                        "name": "Strawberry",
                        "clear_as_group": true,
                        "item_count": 1
                    }
                ]
            },
            {
                "name": "Strawberry 10",
                "map_locations": 
                [
                    {
                        "map": "hotel_start",
                        "x": 4039,
                        "y": 30
                    }
                ],
                "sections": 
                [
                    {
                        "name": "Strawberry",
                        "clear_as_group": true,
                        "item_count": 1
                    }
                ]
            },
            {
                "name": "Strawberry 11",
                "map_locations": 
                [
                    {
                        "map": "hotel_start",
                        "x": 4407,
                        "y": 215
                    }
                ],
                "sections": 
                [
                    {
                        "name": "Strawberry",
                        "clear_as_group": true,
                        "item_count": 1
                    }
                ]
            }          
        ]
    }
]