[
    {
        "name": "Old Site-Awake",
        "chest_unopened_img": "images/items/items/berry.png",
        "chest_opened_img": "images/items/items/berry2.png",
        "access_rules": 
        ["$A2"],
        "children": [
            {
                "name": "Strawberry 18",
                "map_locations": 
                [
                    {
                        "map": "old_site_awake",
                        "x": 2136,
                        "y": 343
                    }
                ],
                "sections": 
                [
                    {
                        "name": "Strawberry",
                        "clear_as_group": true,
                        "item_count": 1
                    }
                ]
            },
            {
                "name": "Level Complete",
                "chest_unopened_img": "images/items/items/complete.png",
                "chest_opened_img": "images/items/items/complete2.png",
                "map_locations": 
                [
                    {
                        "map": "old_site_awake",
                        "x": 3018,
                        "y": 830
                    }
                ],
                "sections": 
                [
                    {
                        "name": "Level Complete",
                        "clear_as_group": true,
                        "item_count": 1
                    }
                ]
            }          
        ]
    }
]