[
    {
        "name": "Old Site",
        "chest_unopened_img": "images/items/items/berry.png",
        "chest_opened_img": "images/items/items/berry2.png",
        "children": [
            {
                "name": "Old Site A-Side - Start",
                "map_locations": 
                [
                    {
                        "map": "celeste_chapter_select",
                        "x": 302,
                        "y": 173
                    }
                ],
                "access_rules": 
                ["$A2"],
                "sections": 
                [
                    {
                        "name": "Strawberry 1",
                        "clear_as_group": true,
                        "item_count": 1
                    },
                    {
                        "name": "Strawberry 2",
                        "clear_as_group": true,
                        "item_count": 1
                    },
                    {
                        "name": "Strawberry 3",
                        "clear_as_group": true,
                        "item_count": 1
                    },
                    {
                        "name": "Strawberry 4",
                        "clear_as_group": true,
                        "item_count": 1
                    },
                    {
                        "name": "Strawberry 5",
                        "clear_as_group": true,
                        "item_count": 1
                    },
                    {
                        "name": "Strawberry 6",
                        "clear_as_group": true,
                        "item_count": 1
                    },
                    {
                        "name": "Strawberry 7",
                        "clear_as_group": true,
                        "item_count": 1
                    },
                    {
                        "name": "Strawberry 8",
                        "clear_as_group": true,
                        "item_count": 1
                    },
                    {
                        "name": "Strawberry 9",
                        "clear_as_group": true,
                        "item_count": 1
                    },
                    {
                        "name": "Crystal Heart",
                        "chest_unopened_img": "images/items/items/blue_heart.png",
                        "chest_opened_img": "images/items/items/blue_heart2.png",
                        "clear_as_group": true,
                        "item_count": 1
                    },
                    {
                        "name": "Cassette",
                        "chest_unopened_img": "images/items/items/cassette.png",
                        "chest_opened_img": "images/items/items/cassette2.png",
                        "clear_as_group": true,
                        "item_count": 1
                    }
                ]
            },
            {
                "name": "Old Site A-Side - Intervention",
                "map_locations": 
                [
                    {
                        "map": "celeste_chapter_select",
                        "x": 336,
                        "y": 173
                    }
                ],
                "access_rules": 
                ["$A2"],
                "sections": 
                [
                    {
                        "name": "Strawberry 10",
                        "clear_as_group": true,
                        "item_count": 1
                    },
                    {
                        "name": "Strawberry 11",
                        "clear_as_group": true,
                        "item_count": 1
                    },
                    {
                        "name": "Strawberry 12",
                        "clear_as_group": true,
                        "item_count": 1
                    },
                    {
                        "name": "Strawberry 13",
                        "clear_as_group": true,
                        "item_count": 1
                    },
                    {
                        "name": "Strawberry 14",
                        "clear_as_group": true,
                        "item_count": 1
                    },
                    {
                        "name": "Strawberry 15",
                        "clear_as_group": true,
                        "item_count": 1
                    },
                    {
                        "name": "Strawberry 16",
                        "clear_as_group": true,
                        "item_count": 1
                    },
                    {
                        "name": "Strawberry 17",
                        "clear_as_group": true,
                        "item_count": 1
                    }
                ]
            },
            {
                "name": "Old Site A-Side - Awake",
                "map_locations": 
                [
                    {
                        "map": "celeste_chapter_select",
                        "x": 319,
                        "y": 206
                    }
                ],
                "access_rules": 
                ["$A2"],
                "sections": 
                [
                    {
                        "name": "Strawberry 18",
                        "clear_as_group": true,
                        "item_count": 1
                    },
                    {
                        "name": "Level Complete",
                        "chest_unopened_img": "images/items/items/complete.png",
                        "chest_opened_img": "images/items/items/complete2.png",
                        "clear_as_group": true,
                        "item_count": 1
                    }
                ]
            },
            {
                "name": "Old Site B-Side",
                "map_locations": 
                [
                    {
                        "map": "celeste_chapter_select",
                        "x": 319,
                        "y": 279
                    }
                ],
                "access_rules": 
                ["cassette2"],
                "sections": 
                [
                    {
                        "name": "Crystal Heart",
                        "chest_unopened_img": "images/items/items/red_heart.png",
                        "chest_opened_img": "images/items/items/red_heart2.png",
                        "clear_as_group": true,
                        "item_count": 1
                    },
                    {
                        "name": "Level Complete",
                        "chest_unopened_img": "images/items/items/complete.png",
                        "chest_opened_img": "images/items/items/complete2.png",
                        "clear_as_group": true,
                        "item_count": 1
                    }
                ]
            },
            {
                "name": "Old Site C-Side",
                "map_locations": 
                [
                    {
                        "map": "celeste_chapter_select",
                        "x": 319,
                        "y": 319
                    }
                ],
                "access_rules": 
                ["$C2"],
                "sections": 
                [
                    {
                        "name": "Crystal Heart",
                        "chest_unopened_img": "images/items/items/yellow_heart.png",
                        "chest_opened_img": "images/items/items/yellow_heart2.png",
                        "clear_as_group": true,
                        "item_count": 1
                    },
                    {
                        "name": "Level Complete",
                        "chest_unopened_img": "images/items/items/complete.png",
                        "chest_opened_img": "images/items/items/complete2.png",
                        "clear_as_group": true,
                        "item_count": 1
                    }
                ]
            }             
        ]
    }
]