{
    "shared_item_grid": {
        "type": "array",
        "orientation": "vertical",
        "margin": "0,0",
        "content": [
            {
                "type": "array",
                "orientation": "horizontal",
                "margin": "0,0",
                "content": [
                    {
                        "type": "itemgrid",
                        "item_margin": "2, 2",
                        "h_alignment": "left",
                        "background": "#04000a",
                        "item_h_alignment": "center",
                        "item_v_alignment": "center",
                        "item_size": 25,
                        "rows": [
                            
                            [
                                "", "ch1", "ch2", "ch3", "ch4", "ch5", "ch6", "ch7", "ep", "ch9", "ch10"
                            ],
                            [
                                "alabel", "compa1", "compa2", "compa3", "compa4", "compa5", "compa6", "compa7", "compa8", "compa9", "compa10"
                            ],
                            [
                                "blabel", "compb1", "compb2", "compb3", "compb4", "compb5", "compb6", "compb7", "", "compb9"
                            ],
                            [
                                "clabel", "compc1", "compc2", "compc3", "compc4", "compc5", "compc6", "compc7", "", "compc9"
                            ],
                            [
                                "cassettelabel", "cassette1", "cassette2", "cassette3", "cassette4", "cassette5", "cassette6", "cassette7", "", "cassette9"
                            ],
                            [
                                "alabel", "hearta1", "hearta2", "hearta3", "hearta4", "hearta5", "hearta6", "hearta7", "", "hearta9"                             
                            ],
                            [
                                "blabel", "heartb1", "heartb2", "heartb3", "heartb4", "heartb5", "heartb6", "heartb7", "", "heartb9"
                            ],
                            [
                                "clabel", "heartc1", "heartc2", "heartc3", "heartc4", "heartc5", "heartc6", "heartc7", "", "heartc9"
                            ]
                        ]
                    }
                ]
            }
        ]
    }
}