﻿{
    "settings_popup": {
        "type": "array",
        "margin": "5",
        "content": [
            {
                "type": "group",
                "header": "Autofill Settings",
                "description": "Enable/Disable the automatic fill of the settings pannel from for connected Slot_Data",
                "header_background": "#3e4b57",
                "content": [
                    {
                        "type": "item",
                        "margin": "-5,-1,-5,-5",
                        "item": "autofill_settings"
                    }
                ]
            }            
        ]
    },
    "tracker_default": {
        "type": "container",
        "background": "#000000",
        "content": {
            "type": "dock",
            "dropshadow": true,
            "content": [
                {
                    "type": "dock",
                    "dock": "left",
                    "v_alignment": "stretch",
                    "content": [
                        {
                            "type": "group",
                            "header": "Items",
                            "dock": "top",
                            "content": {
                                "type": "layout",
                                "key": "shared_item_grid"
                            }
                        },
                        {
                            "type": "group",
                            "header": "Settings",
                            "dock": "top",
                            "content": {
                                "type": "layout",
                                "key": "setting_grid"
                            }
                        }
                    ]
                },
                {
                    "type": "tabbed",
                    "tabs": [
                        {
                            "title": "Celeste Chapter Select",
                            "content": {
                                "type": "map",
                                "maps": [
                                ]
                            }
                        }
                    ]
                }
            ]
        }
    },
    "tracker_horizontal": {
        "type": "container",
        "background": "#000000",
        "content": {
            "type": "dock",
            "dropshadow": true,
            "content": [
                {
                    "type": "dock",
                    "dock": "bottom",
                    "content": [
                        {
                            "type": "group",
                            "header": "Items",
                            "dock": "left",
                            "margin": "0,0,3,0",
                            "content": {
                                "type": "layout",
                                "h_alignment": "center",
                                "v_alignment": "center",
                                "key": "shared_item_grid"
                            }
                        },
                        {
                            "type": "group",
                            "header": "Settings",
                            "dock": "top",
                            "content": {
                                "type": "layout",
                                "key": "setting_grid"
                            }
                        }
                    ]
                },
            {
            "type": "array",
            "v_alignment": "stretch",
            "margin": "10, 10",
            "content": [
                        {
                "type": "tabbed",
                "dock": "top",
                "margin": "0, 0",
                "content": [
                    {
                    "title": "Chapter Select",
                    "type": "tabbed",
                    "tabs": [
                            {
                            "title": "Chapter Select",
                            "content": {
                              "type":"map",
                              "maps": ["celeste_chapter_select"]
                                    }
                                }]},
                    {
                    "title":"City",
                    "type": "tabbed",
                    "tabs": [
                            {
                            "title": "Start",
                            "content": {
                                "type": "map",
                                "maps": ["city_start"]
                                    }
                                },
                            {
                            "title": "Crossing",
                            "content": {
                                "type": "map",
                                "maps": ["city_crossing"]
                                    }
                                },
                            {
                            "title": "Chasm",
                            "content": {
                                "type": "map",
                                "maps": ["city_chasm"]
                                    }
                                }]},
                    {
                    "title":"Old Site",
                    "type": "tabbed",
                    "tabs": [
                            {
                            "title": "Start",
                            "content": {
                                "type": "map",
                                "maps": ["old_site_start"]
                                    }
                                },
                            {
                            "title": "Intervention",
                            "content": {
                                "type": "map",
                                "maps": ["old_site_intervention"]
                                    }
                                },
                            {
                            "title": "Awake",
                            "content": {
                                "type": "map",
                                "maps": ["old_site_awake"]
                                    }
                                }]},
                    {
                    "title":"Hotel",
                    "type": "tabbed",
                    "tabs": [
                            {
                            "title": "Start",
                            "content": {
                                "type": "map",
                                "maps": ["hotel_start"]
                                    }
                                },
                            {
                            "title": "Huge Mess",
                            "content": {
                                "type": "map",
                                "maps": ["hotel_huge_mess"]
                                    }
                                },
                            {
                            "title": "Elevator Shaft",
                            "content": {
                                "type": "map",
                                "maps": ["hotel_elevator_shaft"]
                                    }
                                },
                            {
                            "title": "Presidential Suite",
                            "content": {
                                "type": "map",
                                "maps": ["hotel_presidential_suite"]
                                    }
                                }]},
                    {
                    "title":"Ridge",
                    "type": "tabbed",
                    "tabs": [
                            {
                            "title": "Start",
                            "content": {
                                "type": "map",
                                "maps": ["ridge_start"]
                                    }
                                },
                            {
                            "title": "Shrine",
                            "content": {
                                "type": "map",
                                "maps": ["ridge_shrine"]
                                    }
                                },
                            {
                            "title": "Old Trail",
                            "content": {
                                "type": "map",
                                "maps": ["ridge_old_trail"]
                                    }
                                },
                            {
                            "title": "Cliff Face",
                            "content": {
                                "type": "map",
                                "maps": ["ridge_cliff_face"]
                                    }
                                }]},
                    {
                    "title":"Mirror Temple",
                    "type": "tabbed",
                    "tabs": [
                            {
                            "title": "Start",
                            "content": {
                                "type": "map",
                                "maps": ["mirror_temple_start"]
                                    }
                                },
                            {
                            "title": "Depths",
                            "content": {
                                "type": "map",
                                "maps": ["mirror_temple_depths"]
                                    }
                                },
                            {
                            "title": "Unravelling",
                            "content": {
                                "type": "map",
                                "maps": ["mirror_temple_unravelling"]
                                    }
                                },
                            {
                            "title": "Search",
                            "content": {
                                "type": "map",
                                "maps": ["mirror_temple_search"]
                                    }
                                },
                            {
                            "title": "Search 2",
                            "content": {
                                "type": "map",
                                "maps": ["mirror_temple_search_2"]
                                    }
                                }]},
                    {
                    "title":"Reflection",
                    "type": "tabbed",
                    "tabs": [
                            {
                            "title": "Hollows",
                            "content": {
                                "type": "map",
                                "maps": ["reflection_hollows"]
                                    }
                                }]},
                    {
                    "title":"Summit",
                    "type": "tabbed",
                    "tabs": [
                            {
                            "title": "Start",
                            "content": {
                                "type": "map",
                                "maps": ["summit_start"]
                                    }
                                },
                            {
                            "title": "500 M",
                            "content": {
                                "type": "map",
                                "maps": ["summit_500_m"]
                                    }
                                },
                            {
                            "title": "1000 M",
                            "content": {
                                "type": "map",
                                "maps": ["summit_1000_m"]
                                    }
                                },
                            {
                            "title": "1500 M",
                            "content": {
                                "type": "map",
                                "maps": ["summit_1500_m"]
                                    }
                                },
                            {
                            "title": "2000 M",
                            "content": {
                                "type": "map",
                                "maps": ["summit_2000_m"]
                                    }
                                },
                            {
                            "title": "2500 M",
                            "content": {
                                "type": "map",
                                "maps": ["summit_2500_m"]
                                    }
                                },
                            {
                            "title": "3000 M",
                            "content": {
                                "type": "map",
                                "maps": ["summit_3000_m_1"]
                                    }
                                },
                            {
                            "title": "3000 M 2",
                            "content": {
                                "type": "map",
                                "maps": ["summit_3000_m_2"]
                                    }
                                }]},
                    {
                    "title":"Core",
                    "type": "tabbed",
                    "tabs": [
                            {
                            "title": "Into the Core",
                            "content": {
                                "type": "map",
                                "maps": ["core_into_the_core"]
                                    }
                                },
                            {
                            "title": "Hot and Cold",
                            "content": {
                                "type": "map",
                                "maps": ["core_hot_and_cold"]
                                    }
                                },
                            {
                            "title": "Heart of the Mountain",
                            "content": {
                                "type": "map",
                                "maps": ["core_heart_of_the_mountain"]
                                    }
                                },
                            {
                            "title": "Heart of the Mountain 2",
                            "content": {
                                "type": "map",
                                "maps": ["core_heart_of_the_mountain_2"]
                                    }
                                }]}
                            ]
                        }
                    ]
                }
            ]
        }
    }
}