[
    {
        "name": "City A-Side Crystal Heart",
        "type": "toggle",
        "img": "images/items/items/blue_heart.png",
        "codes": "hearta1"
    },    
    {
        "name": "Old Site A-Side Crystal Heart",
        "type": "toggle",
        "img": "images/items/items/blue_heart.png",
        "codes": "hearta2"
    },    
    {
        "name": "Hotel A-Side Crystal Heart",
        "type": "toggle",
        "img": "images/items/items/blue_heart.png",
        "codes": "hearta3"
    },    
    {
        "name": "Ridge A-Side Crystal Heart",
        "type": "toggle",
        "img": "images/items/items/blue_heart.png",
        "codes": "hearta4"
    },    
    {
        "name": "Mirror Temple A-Side Crystal Heart",
        "type": "toggle",
        "img": "images/items/items/blue_heart.png",
        "codes": "hearta5"
    },    
    {
        "name": "Reflection A-Side Crystal Heart",
        "type": "toggle",
        "img": "images/items/items/blue_heart.png",
        "codes": "hearta6"
    },    
    {
        "name": "Summit A-Side Crystal Heart",
        "type": "toggle",
        "img": "images/items/items/blue_heart.png",
        "codes": "hearta7"
    },    
    {
        "name": "Core A-Side Crystal Heart",
        "type": "toggle",
        "img": "images/items/items/blue_heart.png",
        "codes": "hearta9"
    },    
    {
        "name": "City B-Side Crystal Heart",
        "type": "toggle",
        "img": "images/items/items/red_heart.png",
        "codes": "heartb1"
    },    
    {
        "name": "Old Site B-Side Crystal Heart",
        "type": "toggle",
        "img": "images/items/items/red_heart.png",
        "codes": "heartb2"
    },    
    {
        "name": "Hotel B-Side Crystal Heart",
        "type": "toggle",
        "img": "images/items/items/red_heart.png",
        "codes": "heartb3"
    },    
    {
        "name": "Ridge B-Side Crystal Heart",
        "type": "toggle",
        "img": "images/items/items/red_heart.png",
        "codes": "heartb4"
    },    
    {
        "name": "Mirror Temple B-Side Crystal Heart",
        "type": "toggle",
        "img": "images/items/items/red_heart.png",
        "codes": "heartb5"
    },    
    {
        "name": "Reflection B-Side Crystal Heart",
        "type": "toggle",
        "img": "images/items/items/red_heart.png",
        "codes": "heartb6"
    },    
    {
        "name": "Summit B-Side Crystal Heart",
        "type": "toggle",
        "img": "images/items/items/red_heart.png",
        "codes": "heartb7"
    },    
    {
        "name": "Core B-Side Crystal Heart",
        "type": "toggle",
        "img": "images/items/items/red_heart.png",
        "codes": "heartb9"
    },    
    {
        "name": "City C-Side Crystal Heart",
        "type": "toggle",
        "img": "images/items/items/yellow_heart.png",
        "codes": "heartc1"
    },    
    {
        "name": "Old Site C-Side Crystal Heart",
        "type": "toggle",
        "img": "images/items/items/yellow_heart.png",
        "codes": "heartc2"
    },    
    {
        "name": "Hotel C-Side Crystal Heart",
        "type": "toggle",
        "img": "images/items/items/yellow_heart.png",
        "codes": "heartc3"
    },    
    {
        "name": "Ridge C-Side Crystal Heart",
        "type": "toggle",
        "img": "images/items/items/yellow_heart.png",
        "codes": "heartc4"
    },    
    {
        "name": "Mirror Temple C-Side Crystal Heart",
        "type": "toggle",
        "img": "images/items/items/yellow_heart.png",
        "codes": "heartc5"
    },    
    {
        "name": "Reflection C-Side Crystal Heart",
        "type": "toggle",
        "img": "images/items/items/yellow_heart.png",
        "codes": "heartc6"
    },    
    {
        "name": "Summit C-Side Crystal Heart",
        "type": "toggle",
        "img": "images/items/items/yellow_heart.png",
        "codes": "heartc7"
    },    
    {
        "name": "Core C-Side Crystal Heart",
        "type": "toggle",
        "img": "images/items/items/yellow_heart.png",
        "codes": "heartc9"
    },    
    {
        "name": "City Cassette",
        "type": "toggle",
        "img": "images/items/items/cassette.png",
        "codes": "cassette1"
    },    
    {
        "name": "Old Site Cassette",
        "type": "toggle",
        "img": "images/items/items/cassette.png",
        "codes": "cassette2"
    },    
    {
        "name": "Hotel Cassette",
        "type": "toggle",
        "img": "images/items/items/cassette.png",
        "codes": "cassette3"
    },    
    {
        "name": "Ridge Cassette",
        "type": "toggle",
        "img": "images/items/items/cassette.png",
        "codes": "cassette4"
    },    
    {
        "name": "Mirror Temple Cassette",
        "type": "toggle",
        "img": "images/items/items/cassette.png",
        "codes": "cassette5"
    },    
    {
        "name": "Reflection Cassette",
        "type": "toggle",
        "img": "images/items/items/cassette.png",
        "codes": "cassette6"
    },    
    {
        "name": "Summit Cassette",
        "type": "toggle",
        "img": "images/items/items/cassette.png",
        "codes": "cassette7"
    },    
    {
        "name": "Core Cassette",
        "type": "toggle",
        "img": "images/items/items/cassette.png",
        "codes": "cassette9"
    },
    {
        "name": "City A-Side Level Completion",
        "type": "toggle",
        "img": "images/items/items/complete.png",
        "codes": "compa1"
    },    
    {
        "name": "Ridge A-Side Level Completion",
        "type": "toggle",
        "img": "images/items/items/complete.png",
        "codes": "compa2"
    },    
    {
        "name": "Hotel A-Side Level Completion",
        "type": "toggle",
        "img": "images/items/items/complete.png",
        "codes": "compa3"
    },    
    {
        "name": "Ridge A-Side Level Completion",
        "type": "toggle",
        "img": "images/items/items/complete.png",
        "codes": "compa4"
    },    
    {
        "name": "Mirror Temple A-Side Level Completion",
        "type": "toggle",
        "img": "images/items/items/complete.png",
        "codes": "compa5"
    },    
    {
        "name": "Reflection A-Side Level Completion",
        "type": "toggle",
        "img": "images/items/items/complete.png",
        "codes": "compa6"
    },    
    {
        "name": "Summit A-Side Level Completion",
        "type": "toggle",
        "img": "images/items/items/complete.png",
        "codes": "compa7"
    },    
    {
        "name": "Epilogue Level Completion",
        "type": "toggle",
        "img": "images/items/items/complete.png",
        "codes": "compa8"
    },    
    {
        "name": "Core A-Side Level Completion",
        "type": "toggle",
        "img": "images/items/items/complete.png",
        "codes": "compa9"
    },    
    {
        "name": "Farewell A-Side Level Completion",
        "type": "toggle",
        "img": "images/items/items/complete.png",
        "codes": "compa10"
    },
    {
        "name": "City B-Side Level Completion",
        "type": "toggle",
        "img": "images/items/items/complete.png",
        "codes": "compb1"
    },    
    {
        "name": "Old Site B-Side Level Completion",
        "type": "toggle",
        "img": "images/items/items/complete.png",
        "codes": "compb2"
    },    
    {
        "name": "Hotel B-Side Level Completion",
        "type": "toggle",
        "img": "images/items/items/complete.png",
        "codes": "compb3"
    },    
    {
        "name": "Ridge B-Side Level Completion",
        "type": "toggle",
        "img": "images/items/items/complete.png",
        "codes": "compb4"
    },    
    {
        "name": "Mirror Temple B-Side Level Completion",
        "type": "toggle",
        "img": "images/items/items/complete.png",
        "codes": "compb5"
    },    
    {
        "name": "Reflection B-Side Level Completion",
        "type": "toggle",
        "img": "images/items/items/complete.png",
        "codes": "compb6"
    },    
    {
        "name": "Summit B-Side Level Completion",
        "type": "toggle",
        "img": "images/items/items/complete.png",
        "codes": "compb7"
    },    
    {
        "name": "Core B-Side Level Completion",
        "type": "toggle",
        "img": "images/items/items/complete.png",
        "codes": "compb9"
    },    
    {
        "name": "City C-Side Level Completion",
        "type": "toggle",
        "img": "images/items/items/complete.png",
        "codes": "compc1"
    },
    {
        "name": "Old Site C-Side Level Completion",
        "type": "toggle",
        "img": "images/items/items/complete.png",
        "codes": "compc2"
    },    
    {
        "name": "Hotel C-Side Level Completion",
        "type": "toggle",
        "img": "images/items/items/complete.png",
        "codes": "compc3"
    },    
    {
        "name": "Ridge C-Side Level Completion",
        "type": "toggle",
        "img": "images/items/items/complete.png",
        "codes": "compc4"
    },    
    {
        "name": "Mirror Temple C-Side Level Completion",
        "type": "toggle",
        "img": "images/items/items/complete.png",
        "codes": "compc5"
    },    
    {
        "name": "Reflection C-Side Level Completion",
        "type": "toggle",
        "img": "images/items/items/complete.png",
        "codes": "compc6"
    },    
    {
        "name": "Summit C-Side Level Completion",
        "type": "toggle",
        "img": "images/items/items/complete.png",
        "codes": "compc7"
    },    
    {
        "name": "Core C-Side Level Completion",
        "type": "toggle",
        "img": "images/items/items/complete.png",
        "codes": "compc9"
    }
]